Workbook

Sheet Risk Register
A1: Risk ID | B1: Risk Title | C1: Risk Category | D1: Business Area | E1: Owner | F1: Likelihood (1-5) | G1: Impact (1-5) | H1: Risk Score | I1: Rating | J1: Status | K1: Treatment | L1: Due Date | M1: Residual Score | N1: Notes
A2: R-001 | B2: Unauthorized access to employee accounts | C2: Cybersecurity | D2: IAM | E2: IAM Manager | F2: 5 | G2: 5 | H2: =F2*G2 | I2: =IF(H2>=20,"Critical",IF(H2>=12,"High",IF(H2>=6,"Medium","Low"))) | J2: Open | K2: Mitigate | L2: 2026-10-30 | M2: 12 | N2: Strengthen MFA and privileged access controls.
A3: R-002 | B3: Customer data exposure | C3: Data Privacy | D3: Security | E3: CISO | F3: 4 | G3: 5 | H3: =F3*G3 | I3: =IF(H3>=20,"Critical",IF(H3>=12,"High",IF(H3>=6,"Medium","Low"))) | J3: In Progress | K3: Mitigate | L3: 2026-11-15 | M3: 10 | N3: Improve data classification and DLP monitoring.
A4: R-003 | B4: Ransomware disruption | C4: Cybersecurity | D4: IT/Security | E4: Security Operations | F4: 4 | G4: 5 | H4: =F4*G4 | I4: =IF(H4>=20,"Critical",IF(H4>=12,"High",IF(H4>=6,"Medium","Low"))) | J4: In Progress | K4: Mitigate | L4: 2026-12-15 | M4: 8 | N4: Harden endpoints and validate recovery procedures.
A5: R-004 | B5: Third-party security incident | C5: Third-Party | D5: Vendor Management | E5: GRC Manager | F5: 4 | G5: 4 | H5: =F5*G5 | I5: =IF(H5>=20,"Critical",IF(H5>=12,"High",IF(H5>=6,"Medium","Low"))) | J5: Open | K5: Mitigate | L5: 2026-11-30 | M5: 9 | N5: Require security attestations and remediation tracking.
A6: R-005 | B6: Delayed incident detection | C6: Cybersecurity | D6: SOC | E6: SOC Manager | F6: 3 | G6: 5 | H6: =F6*G6 | I6: =IF(H6>=20,"Critical",IF(H6>=12,"High",IF(H6>=6,"Medium","Low"))) | J6: In Progress | K6: Mitigate | L6: 2026-10-31 | M6: 8 | N6: Improve SIEM coverage and alert triage.
A7: R-006 | B7: Excessive user privileges | C7: IAM | D7: Technology | E7: IAM Manager | F7: 4 | G7: 4 | H7: =F7*G7 | I7: =IF(H7>=20,"Critical",IF(H7>=12,"High",IF(H7>=6,"Medium","Low"))) | J7: Open | K7: Mitigate | L7: 2026-11-10 | M7: 8 | N7: Perform quarterly access recertification.
A8: R-007 | B8: Incomplete asset inventory | C8: Technology | D8: IT Operations | E8: IT Manager | F8: 3 | G8: 4 | H8: =F8*G8 | I8: =IF(H8>=20,"Critical",IF(H8>=12,"High",IF(H8>=6,"Medium","Low"))) | J8: Open | K8: Mitigate | L8: 2026-12-01 | M8: 7 | N8: Establish authoritative asset inventory.
A9: R-008 | B9: Delayed regulatory reporting | C9: Compliance | D9: Legal/Compliance | E9: Compliance Officer | F9: 2 | G9: 4 | H9: =F9*G9 | I9: =IF(H9>=20,"Critical",IF(H9>=12,"High",IF(H9>=6,"Medium","Low"))) | J9: In Progress | K9: Mitigate | L9: 2027-01-15 | M9: 5 | N9: Formalize regulatory reporting workflow.
A10: R-009 | B10: Security awareness gaps | C10: Human Risk | D10: Enterprise | E10: HR / Security | F10: 3 | G10: 3 | H10: =F10*G10 | I10: =IF(H10>=20,"Critical",IF(H10>=12,"High",IF(H10>=6,"Medium","Low"))) | J10: In Progress | K10: Mitigate | L10: 2026-11-30 | M10: 5 | N10: Refresh phishing and security awareness training.
A11: R-010 | B11: Backup recovery failure | C11: Resilience | D11: IT Operations | E11: Infrastructure Manager | F11: 2 | G11: 5 | H11: =F11*G11 | I11: =IF(H11>=20,"Critical",IF(H11>=12,"High",IF(H11>=6,"Medium","Low"))) | J11: Open | K11: Mitigate | L11: 2026-12-20 | M11: 6 | N11: Test backups and document recovery evidence.

Sheet Executive Dashboard
A1: GRC Risk Dashboard
A2: Maple Financial Services — Simulated Portfolio Dashboard
A4: Total Risks | C4: Critical Risks | E4: High Risks | G4: Open Risks
A5: =COUNTA('Risk Register'!A2:A11) | C5: =COUNTIF('Risk Register'!I2:I11,"Critical") | E5: =COUNTIF('Risk Register'!I2:I11,"High") | G5: =COUNTIF('Risk Register'!J2:J11,"Open")
A7: Risk Rating
A8: Rating | B8: Count
A9: Critical | B9: =COUNTIF('Risk Register'!I2:I11,A9)
A10: High | B10: =COUNTIF('Risk Register'!I2:I11,A10)
A11: Medium | B11: =COUNTIF('Risk Register'!I2:I11,A11)
A12: Low | B12: =COUNTIF('Risk Register'!I2:I11,A12)
A15: Risk Status
A16: Status | B16: Count
A17: Open | B17: =COUNTIF('Risk Register'!J2:J11,A17)
A18: In Progress | B18: =COUNTIF('Risk Register'!J2:J11,A18)
A19: Mitigated | B19: =COUNTIF('Risk Register'!J2:J11,A19)
A20: Accepted | B20: =COUNTIF('Risk Register'!J2:J11,A20)
A21: Closed | B21: =COUNTIF('Risk Register'!J2:J11,A21)
A24: Management Focus
A25: • Prioritize remediation of critical IAM, data exposure, and ransomware risks.
A26: • Track high-risk third-party and privileged-access issues to closure.
A27: • Use residual risk to determine whether remediation has reduced exposure.
A28: • Review overdue actions and risk acceptance decisions at governance meetings.

Sheet Methodology
A1: Step | B1: Description
A2: 1. Identify | B2: Document the risk, affected business area, and accountable owner.
A3: 2. Assess | B3: Score likelihood and impact on a 1–5 portfolio scale.
A4: 3. Prioritize | B4: Calculate inherent risk score as likelihood × impact and assign a rating.
A5: 4. Treat | B5: Select mitigation, acceptance, transfer, or avoidance.
A6: 5. Track | B6: Monitor status, due dates, owners, and residual risk.
A7: 6. Report | B7: Summarize material risks and remediation progress for management.

Sheet Project Scope
A1: Field | B1: Value
A2: Organization | B2: Maple Financial Services (fictional)
A3: Industry | B3: Financial Services
A4: Employees | B4: 500
A5: Project Type | B5: Simulated enterprise GRC risk dashboard
A6: Scope | B6: Cybersecurity, technology, data privacy, IAM, third-party, resilience, compliance, and human risk
A7: Out of Scope | B7: Real organizational data, real customer information, production systems
A8: Risk Scoring | B8: Likelihood (1–5) × Impact (1–5); scoring model is a portfolio methodology and is not prescribed by a specific framework.

Sheet References
A1: Reference | B1: Purpose
A2: Portfolio methodology | B2: Risk scoring, status, and dashboard metrics are simulated for demonstration.
A3: NIST Cybersecurity Framework 2.0 | B3: General cybersecurity risk-management context.
A4: ISO/IEC 27001:2022 | B4: Information-security management context.
A5: Note | B5: This dashboard does not represent a certification audit or real organization.
